"","ASV","s.control","s.mild","s.moderate","s.severe","index","stat","p.value","Domain","Phylum","Class","Order","Family","Genus","Species","Confidence"
"1","9364cef1ed381d49f5f8f512eb6516a4",0,0,1,1,10,0.472605071421169,0.04,"d__Bacteria","p__Actinobacteriota","c__Coriobacteriia","o__Coriobacteriales","f__Eggerthellaceae",NA,NA,"0.9998021"
"2","06538b77450f85903962437f449fa60a",0,1,1,1,14,0.650525079096216,0.01,"d__Bacteria","p__Actinobacteriota","c__Coriobacteriia","o__Coriobacteriales","f__Eggerthellaceae","g__Enterorhabdus",NA,"0.9980046"
"3","5bbc37962b69b4f2cf25bbad864f8406",0,0,0,1,4,0.288675134594813,0.025,"d__Bacteria","p__Actinobacteriota","c__Coriobacteriia","o__Coriobacteriales","f__Eggerthellaceae","g__uncultured","s__uncultured_Coriobacteriales","0.9998454"
"4","6116fd7dc95407952dfa6a8cad835556",0,0,1,1,10,0.531718880623658,0.045,"d__Bacteria","p__Firmicutes","c__Bacilli","o__Erysipelotrichales","f__Erysipelatoclostridiaceae","g__Erysipelatoclostridiaceae","s__uncultured_bacterium","0.9658643"
"5","85781f76fdd51f1cea0eab36c8b76a12",0,0,1,1,10,0.453336051060195,0.005,"d__Bacteria","p__Firmicutes","c__Bacilli","o__Erysipelotrichales","f__Erysipelotrichaceae",NA,NA,"0.9982454"
"6","25773d17c98ca4f1cbab85bb7a20ee07",0,1,1,1,14,0.488999383299063,0.045,"d__Bacteria","p__Firmicutes","c__Bacilli","o__Erysipelotrichales","f__Erysipelotrichaceae","g__uncultured","s__unidentified","0.9999618"
"7","f44404ea806c18f6b05b7cbb4f3e5fd2",0,1,1,1,14,0.755191389030405,0.005,"d__Bacteria","p__Firmicutes","c__Clostridia","o__Peptostreptococcales-Tissierellales","f__Peptostreptococcaceae","g__Romboutsia",NA,"0.9888512"
"8","e00e288083c965bb4866d55d959fcb43",0,1,1,1,14,0.550625759636929,0.04,"d__Bacteria","p__Firmicutes","c__Clostridia","o__Peptostreptococcales-Tissierellales","f__Anaerovoracaceae","g__Family_XIII_AD3011_group",NA,"0.9956384"
"9","64deca142a71fe6f80f3678223fdf276",0,1,0,1,9,0.274721127897378,0.04,"d__Bacteria","p__Firmicutes","c__Clostridia","o__Peptostreptococcales-Tissierellales","f__Anaerovoracaceae","g__[Eubacterium]_nodatum_group","s__uncultured_bacterium","0.8196854"
"10","c0d5dcb7d80d5dae81f286d953193674",0,1,0,1,9,0.607032043936216,0.015,"d__Bacteria","p__Proteobacteria","c__Alphaproteobacteria","o__Rhodospirillales","f__uncultured","g__uncultured","s__Azospirillum_sp.","0.8471751"
"11","d46e2205f0c6ecf67b51f83d111c509c",0,1,0,0,2,0.29931373631868,0.015,"d__Bacteria","p__Proteobacteria","c__Gammaproteobacteria","o__Enterobacterales","f__Enterobacteriaceae","g__Escherichia-Shigella",NA,"0.9907627"
"12","9cf3ece63fb5e5d8a14a81d6ec6f2b7b",0,1,1,1,14,0.796393752437124,0.005,"d__Bacteria","p__Firmicutes","c__Clostridia","o__Clostridiales","f__Clostridiaceae","g__Candidatus_Arthromitus","s__uncultured_bacterium","0.7890366"
"13","721bbde09abf2f51fc7d8caeab5b22f1",0,0,0,1,4,0.51228438115882,0.005,"d__Bacteria","p__Firmicutes","c__Clostridia","o__Clostridiales","f__Clostridiaceae","g__Clostridium_sensu_stricto_1",NA,"0.9998264"
"14","08d070e95350c4b1dcc905e734f59bf1",0,0,0,1,4,0.492494526035126,0.015,"d__Bacteria","p__Firmicutes","c__Clostridia","o__Christensenellales","f__Christensenellaceae","g__uncultured","s__uncultured_bacterium","0.9995063"
"15","914cd932c40f857f5730b165792e560d",0,0,0,1,4,0.322473308474983,0.015,"d__Bacteria","p__Firmicutes","c__Clostridia","o__Oscillospirales","f__Ruminococcaceae","g__uncultured","s__metagenome","0.7732246"
"16","b9ed1a2c86edb972db7742981e6901da",0,1,1,1,14,0.507006669154668,0.005,"d__Bacteria","p__Firmicutes","c__Clostridia","o__Oscillospirales","f__Ruminococcaceae","g__uncultured","s__[Clostridium]_leptum","0.9090756"
"17","2536b1aed686ef9caffe2d80d6e823d7",0,1,1,1,14,0.512597331553082,0.01,"d__Bacteria","p__Bacteroidota","c__Bacteroidia","o__Bacteroidales","f__Prevotellaceae",NA,NA,"0.9999970"
"18","9b28a69846a28b6dfd0032dd5e77b876",0,0,0,1,4,0.341750111224525,0.005,"d__Bacteria","p__Bacteroidota","c__Bacteroidia","o__Bacteroidales","f__Tannerellaceae","g__Parabacteroides","s__uncultured_bacterium","0.7624973"
"19","ecb3759e804e8c86d9fb0de817207fe9",0,1,1,1,14,0.681467208292893,0.005,"d__Bacteria","p__Firmicutes","c__Clostridia","o__Oscillospirales","f__Oscillospiraceae","g__uncultured","s__Clostridium_sp.","0.8948515"
"20","5fe7368c69e66529f0fe71354cc10fc7",0,1,1,1,14,0.323225734287896,0.04,"d__Bacteria","p__Firmicutes","c__Clostridia","o__Lachnospirales","f__Lachnospiraceae","g__Lachnoclostridium","s__uncultured_bacterium","0.9125463"
"21","cd64f9b653d0444b04264fd6f09b715e",0,0,0,1,4,0.338268073663319,0.02,"d__Bacteria","p__Firmicutes","c__Bacilli","o__Lactobacillales","f__Streptococcaceae","g__Streptococcus",NA,"0.9999461"
"22","17cddb82ce2f004cd99f8fb8e90daae2",1,1,0,0,5,0.553748069389482,0.015,"d__Bacteria","p__Firmicutes","c__Bacilli","o__Mycoplasmatales","f__Mycoplasmataceae","g__Ureaplasma","s__uncultured_bacterium","0.9999806"
"23","65641452be75528754b5ae258ba661c1",0,1,1,1,14,0.397426488997239,0.01,"d__Bacteria","p__Firmicutes","c__Bacilli","o__Lactobacillales","f__Aerococcaceae","g__Aerococcus",NA,"0.9999997"
"24","d031d9c8df91e1a9f6217e45b9d521ad",0,0,0,1,4,0.516209592903679,0.005,"d__Bacteria","p__Firmicutes","c__Bacilli","o__Erysipelotrichales","f__Erysipelotrichaceae","g__Turicibacter","s__uncultured_bacterium","0.9751283"
"25","1f6d857f823e266fa938899ad5b73a15",0,0,0,1,4,0.288675134594813,0.025,"d__Bacteria","p__Firmicutes","c__Clostridia","o__Lachnospirales","f__Lachnospiraceae","g__Roseburia","s__Eubacterium_plexicaudatum","0.7085981"
