"","ASV","s.control","s.mild","s.moderate","s.severe","index","stat","p.value","Domain","Phylum","Class","Order","Family","Genus","Species","Confidence"
"1","9364cef1ed381d49f5f8f512eb6516a4",0,0,1,1,10,0.472605071421169,0.035,"d__Bacteria","p__Actinobacteriota","c__Coriobacteriia","o__Coriobacteriales","f__Eggerthellaceae",NA,NA,"0.9998021"
"2","3fafffcc841bcae86a1c471122ea5b97",0,0,0,1,4,0.351989967657333,0.01,"d__Bacteria","p__Actinobacteriota","c__Coriobacteriia","o__Coriobacteriales","f__Eggerthellaceae","g__uncultured","s__uncultured_bacterium","0.9842714"
"3","85781f76fdd51f1cea0eab36c8b76a12",0,0,1,1,10,0.453336051060195,0.005,"d__Bacteria","p__Firmicutes","c__Bacilli","o__Erysipelotrichales","f__Erysipelotrichaceae",NA,NA,"0.9982454"
"4","f44404ea806c18f6b05b7cbb4f3e5fd2",0,1,1,1,14,0.755191389030405,0.005,"d__Bacteria","p__Firmicutes","c__Clostridia","o__Peptostreptococcales-Tissierellales","f__Peptostreptococcaceae","g__Romboutsia",NA,"0.9888512"
"5","e00e288083c965bb4866d55d959fcb43",0,1,1,1,14,0.568884358775004,0.03,"d__Bacteria","p__Firmicutes","c__Clostridia","o__Peptostreptococcales-Tissierellales","f__Anaerovoracaceae","g__Family_XIII_AD3011_group",NA,"0.9956384"
"6","d46e2205f0c6ecf67b51f83d111c509c",0,1,0,0,2,0.29931373631868,0.03,"d__Bacteria","p__Proteobacteria","c__Gammaproteobacteria","o__Enterobacterales","f__Enterobacteriaceae","g__Escherichia-Shigella",NA,"0.9907627"
"7","ffac4ec15a9162aa65951455b9652aeb",0,1,1,0,8,0.523446339606787,0.045,"d__Bacteria","p__Patescibacteria","c__Saccharimonadia","o__Saccharimonadales","f__Saccharimonadaceae","g__Candidatus_Saccharimonas","s__uncultured_bacterium","0.9936788"
"8","9cf3ece63fb5e5d8a14a81d6ec6f2b7b",0,1,1,1,14,0.796665355132727,0.005,"d__Bacteria","p__Firmicutes","c__Clostridia","o__Clostridiales","f__Clostridiaceae","g__Candidatus_Arthromitus","s__uncultured_bacterium","0.7890366"
"9","721bbde09abf2f51fc7d8caeab5b22f1",0,0,0,1,4,0.512160375580378,0.01,"d__Bacteria","p__Firmicutes","c__Clostridia","o__Clostridiales","f__Clostridiaceae","g__Clostridium_sensu_stricto_1",NA,"0.9998264"
"10","08d070e95350c4b1dcc905e734f59bf1",0,0,0,1,4,0.492494526035126,0.015,"d__Bacteria","p__Firmicutes","c__Clostridia","o__Christensenellales","f__Christensenellaceae","g__uncultured","s__uncultured_bacterium","0.9995063"
"11","2536b1aed686ef9caffe2d80d6e823d7",0,1,1,1,14,0.512597331553082,0.02,"d__Bacteria","p__Bacteroidota","c__Bacteroidia","o__Bacteroidales","f__Prevotellaceae",NA,NA,"0.9999970"
"12","4066e07db1bae989fd02d771401e3b09",0,1,1,1,14,0.544003529151068,0.035,"d__Bacteria","p__Firmicutes","c__Clostridia","o__Oscillospirales","f__Oscillospiraceae","g__UCG-005","s__uncultured_Clostridiales","0.9990385"
"13","ff2be076cf928bdf0eb0935b49878911",0,1,0,1,9,0.617450666488409,0.015,"d__Bacteria","p__Firmicutes","c__Bacilli","o__Lactobacillales","f__Streptococcaceae","g__Streptococcus","s__Streptococcus_danieliae","0.9946650"
"14","17cddb82ce2f004cd99f8fb8e90daae2",1,1,0,0,5,0.553748069389482,0.01,"d__Bacteria","p__Firmicutes","c__Bacilli","o__Mycoplasmatales","f__Mycoplasmataceae","g__Ureaplasma","s__uncultured_bacterium","0.9999806"
"15","65641452be75528754b5ae258ba661c1",0,1,1,1,14,0.397426488997239,0.015,"d__Bacteria","p__Firmicutes","c__Bacilli","o__Lactobacillales","f__Aerococcaceae","g__Aerococcus",NA,"0.9999997"
