"","ASV","s.control","s.mild","s.moderate","s.severe","index","stat","p.value","Domain","Phylum","Class","Order","Family","Genus","Species","Confidence"
"1","d46e2205f0c6ecf67b51f83d111c509c",0,1,0,0,2,0.34992650663468,0.01,"d__Bacteria","p__Proteobacteria","c__Gammaproteobacteria","o__Enterobacterales","f__Enterobacteriaceae","g__Escherichia-Shigella",NA,"0.9907627"
"2","ffac4ec15a9162aa65951455b9652aeb",0,1,1,0,8,0.523446339606787,0.02,"d__Bacteria","p__Patescibacteria","c__Saccharimonadia","o__Saccharimonadales","f__Saccharimonadaceae","g__Candidatus_Saccharimonas","s__uncultured_bacterium","0.9936788"
"3","08d070e95350c4b1dcc905e734f59bf1",0,0,0,1,4,0.535012226028415,0.005,"d__Bacteria","p__Firmicutes","c__Clostridia","o__Christensenellales","f__Christensenellaceae","g__uncultured","s__uncultured_bacterium","0.9995063"
"4","17cddb82ce2f004cd99f8fb8e90daae2",1,1,0,0,5,0.553748069389482,0.01,"d__Bacteria","p__Firmicutes","c__Bacilli","o__Mycoplasmatales","f__Mycoplasmataceae","g__Ureaplasma","s__uncultured_bacterium","0.9999806"
